<application>
  <component name="com.intellij.ide.ui.customization.CustomActionsSchema">
    <group value="Tool_External Tools_PHP Coding Standard Fixer" is_action="true" action_type="1" position="0">
      <path value="root" />
      <path value="Main menu" />
      <path value="Tools" />
      <path value="External Tools" />
      <path value="External Tools" />
      <option name="myInitialPosition" value="-1" />
    </group>
    <group value="Tool_External Tools_PHP Coding Standard Fixer" is_action="true" action_type="1" position="0">
      <path value="root" />
      <path value="Editor Tab Popup Menu" />
      <path value="Editor Tab Popup Menu Actions (1)" />
      <path value="External Tools" />
      <path value="External Tools" />
      <option name="myInitialPosition" value="-1" />
    </group>
    <group value="Git.Pull" is_action="true" action_type="1" position="11">
      <path value="root" />
      <path value="Main Toolbar" />
      <option name="myInitialPosition" value="-1" />
    </group>
    <group value="Compare.SameVersion" is_action="true" action_type="1" position="14">
      <path value="root" />
      <path value="Main Toolbar" />
      <option name="myInitialPosition" value="-1" />
    </group>
  </component>
</application>