<application>
  <component name="CodeInsightSettings">
    <option name="selectAutopopupSuggestionsByChars" value="true" />
    <option name="PARAMETER_INFO_DELAY" value="500" />
    <option name="JAVADOC_INFO_DELAY" value="500" />
    <option name="SELECT_AUTOPOPUP_SUGGESTIONS_BY_CHARS" value="true" />
    <option name="SHOW_FULL_SIGNATURES_IN_PARAMETER_INFO" value="true" />
    <option name="HIGHLIGHT_SCOPE" value="true" />
  </component>
  <component name="DaemonCodeAnalyzerSettings" profile="Simple IT">
    <option name="ERROR_STRIPE_MARK_MIN_HEIGHT" value="3" />
    <option name="NEXT_ERROR_ACTION_GOES_TO_ERRORS_FIRST" value="false" />
    <option name="SHOW_METHOD_SEPARATORS" value="true" />
  </component>
  <component name="EditorSettings">
    <option name="USE_SOFT_WRAPS" value="" />
    <option name="SOFT_WRAP_FILE_MASKS" value="*.md; *.txt; *.rst; *.adoc" />
    <option name="IS_ENSURE_NEWLINE_AT_EOF" value="true" />
    <option name="SHOW_QUICK_DOC_ON_MOUSE_OVER_ELEMENT" value="true" />
  </component>
  <component name="XmlEditorOptions">
    <option name="showCssInlineColorPreview" value="true" />
  </component>
</application>