<application>
  <component name="FileTypeManager" version="17">
    <ignoreFiles list="*.hprof;*.pyc;*.pyo;*.rbc;*~;.DS_Store;.git;.hg;.svn;CVS;RCS;SCCS;__pycache__;_svn;rcs;" />
    <extensionMap>
      <mapping ext="lock" type="JSON" />
      <mapping pattern=".php_cs" type="PHP" />
      <mapping pattern="test2" type="PLAIN_TEXT" />
      <mapping pattern=".gitIgnore" type="PLAIN_TEXT" />
      <mapping pattern="model_mediator_xml" type="PLAIN_TEXT" />
      <mapping pattern="LICENSE" type="PLAIN_TEXT" />
      <mapping pattern="Card" type="PLAIN_TEXT" />
      <mapping pattern="phpunit" type="PLAIN_TEXT" />
      <mapping pattern="code-generator" type="PLAIN_TEXT" />
      <mapping pattern="test1" type="PLAIN_TEXT" />
      <mapping pattern=".gitkeep" type="PLAIN_TEXT" />
      <mapping ext="elementimpl" type="PLAIN_TEXT" />
      <mapping ext="commandimpl" type="PLAIN_TEXT" />
      <mapping ext="data" type="PLAIN_TEXT" />
      <mapping ext="rdb" type="PLAIN_TEXT" />
      <mapping ext="twigs" type="PLAIN_TEXT" />
      <removed_mapping ext="bat" approved="true" type="PLAIN_TEXT" />
      <removed_mapping ext="log" approved="true" type="PLAIN_TEXT" />
      <removed_mapping ext="cmd" approved="true" type="PLAIN_TEXT" />
      <mapping ext="xliff" type="XML" />
      <mapping ext="xlf" type="XML" />
      <mapping pattern="*.yml.dist" type="YAML" />
      <mapping pattern="authorsByCourses" type="YAML" />
      <mapping pattern="component_course" type="YAML" />
      <mapping pattern="tutorial" type="YAML" />
      <mapping pattern="ArrayCacheConfig" type="YAML" />
      <mapping pattern="courseLikeByUser" type="YAML" />
      <removed_mapping ext="bat" approved="true" type="PLAIN_TEXT" />
      <removed_mapping ext="log" approved="true" type="PLAIN_TEXT" />
      <removed_mapping ext="dockerfile" approved="true" type="textmate" />
      <removed_mapping ext="makefile" approved="true" type="textmate" />
      <removed_mapping ext="cmd" approved="true" type="PLAIN_TEXT" />
      <removed_mapping ext="snakefile" approved="true" type="textmate" />
      <mapping pattern=".gitignore_global" type="Git file" />
    </extensionMap>
  </component>
</application>