<application>
  <component name="FindSettings">
    <option name="caseSensitive" value="true" />
    <option name="customScope" value="All Places" />
    <option name="defaultScopeName" value="All Places" />
    <option name="localCaseSensitive" value="true" />
    <option name="showResultsInSeparateView" value="true" />
    <option name="CASE_SENSITIVE_SEARCH" value="true" />
    <option name="LOCAL_CASE_SENSITIVE_SEARCH" value="true" />
    <option name="SHOW_RESULTS_IN_SEPARATE_VIEW" value="true" />
    <option name="SEARCH_SCOPE" value="All Places" />
    <mask>*.properties</mask>
    <mask>*.html</mask>
    <mask>*.jsp</mask>
    <mask>*.java</mask>
    <mask>*.js</mask>
    <mask>*.as</mask>
    <mask>*.css</mask>
    <mask>*.mxml</mask>
    <mask>*DTO.php</mask>
    <mask>*Request.php</mask>
    <mask>*ion.php</mask>
    <mask>*dle.php</mask>
    <mask>*Bundle.php</mask>
    <mask>*Repository.php</mask>
    <mask>*.yml</mask>
    <mask>*.twig</mask>
    <mask>*.php</mask>
    <mask>*.xml</mask>
  </component>
</application>