<application>
  <component name="NotificationConfiguration" showBalloons="false">
    <notification groupId="Browser Connection" displayType="STICKY_BALLOON" />
    <notification groupId="Common Version Control Messages" displayType="TOOL_WINDOW" />
    <notification groupId="Composer" />
    <notification groupId="Database" displayType="TOOL_WINDOW" />
    <notification groupId="Database editor log" displayType="NONE" />
    <notification groupId="Database log" displayType="NONE" />
    <notification groupId="Database refactoring log" displayType="NONE" />
    <notification groupId="Database view" displayType="TOOL_WINDOW" />
    <notification groupId="Debugger messages" displayType="TOOL_WINDOW" shouldLog="false" />
    <notification groupId="Execution" displayType="NONE" />
    <notification groupId="External Executable Critical Failures" displayType="STICKY_BALLOON" />
    <notification groupId="File type recognized" />
    <notification groupId="Git Important Messages" displayType="STICKY_BALLOON" />
    <notification groupId="Git Messages" displayType="TOOL_WINDOW" />
    <notification groupId="Git Minor Notifications" />
    <notification groupId="github" />
    <notification groupId="IDE Fatal Errors" displayType="NONE" shouldLog="false" />
    <notification groupId="IDE Usage Statistics" displayType="STICKY_BALLOON" shouldLog="false" />
    <notification groupId="JavaScript Library Management" displayType="STICKY_BALLOON" />
    <notification groupId="LESS Compiler Error Messages" displayType="STICKY_BALLOON" />
    <notification groupId="LESS Compiler Notices" displayType="NONE" />
    <notification groupId="LESS Compiler Successful Compiles" displayType="TOOL_WINDOW" shouldLog="false" />
    <notification groupId="LIGHTWEIGHT_LICENSE_NOTIFICATION" displayType="STICKY_BALLOON" />
    <notification groupId="Notification group display Id" />
    <notification groupId="PHP Debugger" displayType="TOOL_WINDOW" />
    <notification groupId="PHP External Quality Tools" />
    <notification groupId="PHP Profiler" />
    <notification groupId="Plugins Lifecycle Group" displayType="STICKY_BALLOON" />
    <notification groupId="Productivity Baloon" />
    <notification groupId="Project Loading Error" />
    <notification groupId="Reformat Code" />
    <notification groupId="Symfony2 Plugin" />
    <notification groupId="System Messages" />
    <notification groupId="Test Runner" displayType="NONE" />
    <notification groupId="Update Checker" displayType="STICKY_BALLOON" />
    <notification groupId="update.available.group" displayType="STICKY_BALLOON" />
    <notification groupId="Upgrade Subscription Renewal" />
    <notification groupId="Vcs Important Messages" displayType="STICKY_BALLOON" />
    <notification groupId="Vcs Minor Notifications" />
    <notification groupId="Web Deployment" displayType="TOOL_WINDOW" shouldLog="false" />
  </component>
</application>