<application>
  <component name="ProjectManager">
    <defaultProject>
      <component name="ProjectModuleManager">
        <modules />
      </component>
      <component name="ProjectViewState">
        <option name="autoscrollFromSource" value="true" />
        <option name="hideEmptyMiddlePackages" value="true" />
        <option name="showExcludedFiles" value="true" />
        <option name="showLibraryContents" value="true" />
        <option name="showMembers" value="true" />
      </component>
      <component name="PropertiesComponent">
        <property name="nodejs_interpreter_path.stuck_in_default_project" value="undefined stuck path" />
        <property name="nodejs_npm_path_reset_for_default_project" value="true" />
      </component>
    </defaultProject>
  </component>
</application>