<application>
  <component name="UISettings">
    <option name="FONT_FACE" value=".SF NS Text" />
    <option name="FONT_SCALE" value="1.0" />
    <option name="MAX_LOOKUP_LIST_HEIGHT" value="15" />
    <option name="MAX_LOOKUP_WIDTH2" value="850" />
    <option name="MOVE_MOUSE_ON_DEFAULT_BUTTON" value="true" />
    <option name="OVERRIDE_NONIDEA_LAF_FONTS" value="true" />
    <option name="SCROLL_TAB_LAYOUT_IN_EDITOR" value="false" />
    <option name="SHOW_MAIN_TOOLBAR" value="true" />
  </component>
</application>