<application>
  <component name="WebServers">
    <option name="servers">
      <webServer id="01eb84f0-62d1-42d6-9f48-0fa28e461e69" name="gestionboutique" url="http://ftp.christenaction.com">
        <fileTransfer host="ftp.christenaction.com" port="21" password="df96dff1df9cdf9edffedfd2dfdcdff6dff5dfdddfeddfdedfdfdf85df8bdfec" username="samuelcae">
          <advancedOptions>
            <advancedOptions dataProtectionLevel="Private" />
          </advancedOptions>
        </fileTransfer>
      </webServer>
    </option>
  </component>
</application>