<toolSet name="External Tools">
  <tool name="generate-use-case" description="generate usecase" showInMainMenu="false" showInEditor="false" showInProject="false" showInSearchPopup="false" disabled="false" useConsole="true" showConsoleOnStdOut="false" showConsoleOnStdErr="false" synchronizeAfterRun="true">
    <exec>
      <option name="COMMAND" value="/usr/local/opt/php@7.1/bin/php" />
      <option name="PARAMETERS" value="bin/code-generator code-generator:generic-use-case $Prompt$" />
      <option name="WORKING_DIRECTORY" value="$ProjectFileDir$" />
    </exec>
  </tool>
  <tool name="generate-get-use-case" description="generate get usecase" showInMainMenu="false" showInEditor="false" showInProject="false" showInSearchPopup="false" disabled="false" useConsole="true" showConsoleOnStdOut="false" showConsoleOnStdErr="false" synchronizeAfterRun="true">
    <exec>
      <option name="COMMAND" value="/usr/local/opt/php@7.1/bin/php" />
      <option name="PARAMETERS" value="bin/code-generator code-generator:get-entity-use-case $FilePath$ $Prompt$" />
      <option name="WORKING_DIRECTORY" value="$ProjectFileDir$" />
    </exec>
  </tool>
  <tool name="generate-get-all-use-case" description="generate get all usecase" showInMainMenu="false" showInEditor="false" showInProject="false" showInSearchPopup="false" disabled="false" useConsole="true" showConsoleOnStdOut="false" showConsoleOnStdErr="false" synchronizeAfterRun="true">
    <exec>
      <option name="COMMAND" value="/usr/local/opt/php@7.1/bin/php" />
      <option name="PARAMETERS" value="bin/code-generator code-generator:get-entities-use-case $FilePath$ $Prompt$" />
      <option name="WORKING_DIRECTORY" value="$ProjectFileDir$" />
    </exec>
  </tool>
  <tool name="generate-create-use-case" description="generate create usecase" showInMainMenu="false" showInEditor="false" showInProject="false" showInSearchPopup="false" disabled="false" useConsole="true" showConsoleOnStdOut="false" showConsoleOnStdErr="false" synchronizeAfterRun="true">
    <exec>
      <option name="COMMAND" value="/usr/local/opt/php@7.1/bin/php" />
      <option name="PARAMETERS" value="bin/code-generator code-generator:create-entity-use-case $FilePath$ $Prompt$" />
      <option name="WORKING_DIRECTORY" value="$ProjectFileDir$" />
    </exec>
  </tool>
  <tool name="generate-edit-use-case" description="generate edit usecase" showInMainMenu="false" showInEditor="false" showInProject="false" showInSearchPopup="false" disabled="false" useConsole="true" showConsoleOnStdOut="false" showConsoleOnStdErr="false" synchronizeAfterRun="true">
    <exec>
      <option name="COMMAND" value="/usr/local/opt/php@7.1/bin/php" />
      <option name="PARAMETERS" value="bin/code-generator code-generator:edit-entity-use-case $FilePath$ $Prompt$" />
      <option name="WORKING_DIRECTORY" value="$ProjectFileDir$" />
    </exec>
  </tool>
  <tool name="generate-delete-use-case" description="generate delete usecase" showInMainMenu="false" showInEditor="false" showInProject="false" showInSearchPopup="false" disabled="false" useConsole="true" showConsoleOnStdOut="false" showConsoleOnStdErr="false" synchronizeAfterRun="true">
    <exec>
      <option name="COMMAND" value="/usr/local/opt/php@7.1/bin/php" />
      <option name="PARAMETERS" value="bin/code-generator code-generator:delete-entity-use-case $FilePath$ $Prompt$" />
      <option name="WORKING_DIRECTORY" value="$ProjectFileDir$" />
    </exec>
  </tool>
  <tool name="generate-get-controller" description="generate get entity controller" showInMainMenu="false" showInEditor="false" showInProject="false" showInSearchPopup="false" disabled="false" useConsole="true" showConsoleOnStdOut="false" showConsoleOnStdErr="false" synchronizeAfterRun="true">
    <exec>
      <option name="COMMAND" value="/usr/local/opt/php@7.1/bin/php" />
      <option name="PARAMETERS" value="bin/code-generator code-generator:common-controller $FilePath$ get $Prompt$" />
      <option name="WORKING_DIRECTORY" value="$ProjectFileDir$" />
    </exec>
  </tool>
  <tool name="generate-get-all-controller" description="generate get all entity controller" showInMainMenu="false" showInEditor="false" showInProject="false" showInSearchPopup="false" disabled="false" useConsole="true" showConsoleOnStdOut="false" showConsoleOnStdErr="false" synchronizeAfterRun="true">
    <exec>
      <option name="COMMAND" value="/usr/local/opt/php@7.1/bin/php" />
      <option name="PARAMETERS" value="bin/code-generator code-generator:common-controller $FilePath$ get-all $Prompt$" />
      <option name="WORKING_DIRECTORY" value="$ProjectFileDir$" />
    </exec>
  </tool>
  <tool name="generate-post-controller" description="generate post entity controller" showInMainMenu="false" showInEditor="false" showInProject="false" showInSearchPopup="false" disabled="false" useConsole="true" showConsoleOnStdOut="false" showConsoleOnStdErr="false" synchronizeAfterRun="true">
    <exec>
      <option name="COMMAND" value="/usr/local/opt/php@7.1/bin/php" />
      <option name="PARAMETERS" value="bin/code-generator code-generator:common-controller $FilePath$ post $Prompt$" />
      <option name="WORKING_DIRECTORY" value="$ProjectFileDir$" />
    </exec>
  </tool>
  <tool name="generate-patch-controller" description="generate patch entity controller" showInMainMenu="false" showInEditor="false" showInProject="false" showInSearchPopup="false" disabled="false" useConsole="true" showConsoleOnStdOut="false" showConsoleOnStdErr="false" synchronizeAfterRun="true">
    <exec>
      <option name="COMMAND" value="/usr/local/opt/php@7.1/bin/php" />
      <option name="PARAMETERS" value="bin/code-generator code-generator:common-controller $FilePath$ patch $Prompt$" />
      <option name="WORKING_DIRECTORY" value="$ProjectFileDir$" />
    </exec>
  </tool>
  <tool name="generate-delete-controller" description="generate delete entity controller" showInMainMenu="false" showInEditor="false" showInProject="false" showInSearchPopup="false" disabled="false" useConsole="true" showConsoleOnStdOut="false" showConsoleOnStdErr="false" synchronizeAfterRun="true">
    <exec>
      <option name="COMMAND" value="/usr/local/opt/php@7.1/bin/php" />
      <option name="PARAMETERS" value="bin/code-generator code-generator:common-controller $FilePath$ delete $Prompt$" />
      <option name="WORKING_DIRECTORY" value="$ProjectFileDir$" />
    </exec>
  </tool>
  <tool name="generate-view-models" description="generate view models" showInMainMenu="false" showInEditor="false" showInProject="false" showInSearchPopup="false" disabled="false" useConsole="true" showConsoleOnStdOut="false" showConsoleOnStdErr="false" synchronizeAfterRun="true">
    <exec>
      <option name="COMMAND" value="/usr/local/opt/php@7.1/bin/php" />
      <option name="PARAMETERS" value="bin/code-generator code-generator:view-models $FilePath$ $Prompt$" />
      <option name="WORKING_DIRECTORY" value="$ProjectFileDir$" />
    </exec>
  </tool>
</toolSet>