<keymap version="1" name="Mac OS X 10.5+ copy" parent="Mac OS X 10.5+">
  <action id="CloseAllEditors">
    <keyboard-shortcut first-keystroke="shift meta w" />
  </action>
  <action id="CollapseSelection" />
  <action id="CommentByBlockComment">
    <keyboard-shortcut first-keystroke="meta alt slash" />
    <keyboard-shortcut first-keystroke="meta alt divide" />
    <keyboard-shortcut first-keystroke="shift ctrl slash" />
    <keyboard-shortcut first-keystroke="shift ctrl divide" />
    <keyboard-shortcut first-keystroke="shift meta slash" />
    <keyboard-shortcut first-keystroke="shift meta divide" />
    <keyboard-shortcut first-keystroke="meta alt period" />
    <keyboard-shortcut first-keystroke="shift meta colon" />
  </action>
  <action id="CommentByLineComment">
    <keyboard-shortcut first-keystroke="meta slash" />
    <keyboard-shortcut first-keystroke="meta divide" />
    <keyboard-shortcut first-keystroke="meta period" />
    <keyboard-shortcut first-keystroke="meta colon" />
  </action>
  <action id="Diff.SelectedChange" />
  <action id="FileStructurePopup">
    <keyboard-shortcut first-keystroke="meta f12" />
    <keyboard-shortcut first-keystroke="meta r" />
  </action>
  <action id="Find" />
  <action id="GotoClass" />
  <action id="GotoCustomRegion" />
  <action id="GotoFile">
    <keyboard-shortcut first-keystroke="shift meta o" />
    <keyboard-shortcut first-keystroke="meta o" />
  </action>
  <action id="Refresh" />
  <action id="Replace">
    <keyboard-shortcut first-keystroke="meta f" />
  </action>
  <action id="Rerun" />
  <action id="SwitchApply">
    <keyboard-shortcut first-keystroke="ctrl alt enter" />
  </action>
  <action id="SwitchDown">
    <keyboard-shortcut first-keystroke="ctrl alt down" />
  </action>
  <action id="SwitchLeft">
    <keyboard-shortcut first-keystroke="ctrl alt left" />
  </action>
  <action id="SwitchRight">
    <keyboard-shortcut first-keystroke="ctrl alt right" />
  </action>
  <action id="SwitchUp">
    <keyboard-shortcut first-keystroke="ctrl alt up" />
  </action>
  <action id="Tool_External Tools_PHP Coding Standard Fixer">
    <keyboard-shortcut first-keystroke="meta alt k" />
  </action>
  <action id="Vcs.Log.GoToRef" />
</keymap>